id,short title,area,wave,class,status,PR,run that proved it,date of last change
FR-001,first item,F1,1,noise,merged,12,none,2026-10-05
FR-002,"second item, with a comma",F1,1,noise,proven by a run,13,"steps\runs\05 shows ""it""",2026-10-05
FR-003,third "| item,F2,2a,noise,in progress,"none, branch fix-F2",none,UNKNOWN
F1,the first area,F1,1,fix,merged,12,none,2026-10-05
F2,the second area,F2,2a,fix,in progress,"none, branch fix-F2",none,2026-10-05
Q1,a question,F2,none,question,waiting for Bader,none,none,2026-10-04
FR-005,fifth item,F3,beside the waves,broken feature,in review,UNKNOWN,none,2026-10-05
FR-006,sixth item,none,none,UNKNOWN,dropped,none,none,2026-10-05
FR-007,seventh item closed before the waves,none,none,noise,merged,9,none,2026-10-03
FR-008,eighth item,F4,before any test run,Bader's decision,in progress,"14, open",none,2026-10-05
Q2,a question Bader answered,F4,before any test run,question,merged,18,none,2026-10-05
Q3,a question answered on a branch,none,none,question,in review,UNKNOWN,none,2026-10-05
F3,the third area,F3,beside the waves,fix,in review,UNKNOWN,none,2026-10-05
F4,the fourth area,F4,before any test run,fix,in progress,"14, open",none,2026-10-05
